pkid,solverid,success,incnstr,arg,iter
0,0,4.2568359375,52.0185546875,118.99915784605493,28.95
0,1,31.092279334136183,100.0,0.5202934381664233,19.75
1,0,2.3857421875,24.6591796875,182.08892695658412,28.13
1,1,19.85815749276607,100.0,0.8920167679553382,19.51
