pkid,solverid,success,incnstr,arg,iter
0,0,4.2568359375,52.0185546875,118.99915784605493,28.95
